{
  "India": {
    "EQ": {
      "Other": {
        "sev": 4.496339507879458,
        "freq": 3617
      },
      "Punjab / Himachal": {
        "sev": 4.411940298507463,
        "freq": 134
      },
      "West Bengal / NE": {
        "sev": 4.323404255319149,
        "freq": 94
      },
      "Delhi Region": {
        "sev": 4.09,
        "freq": 20
      },
      "Gujarat": {
        "sev": 4.166666666666667,
        "freq": 3
      }
    },
    "CY": {
      "Other": {
        "sev": 42.373203380420705,
        "freq": 60623
      },
      "Gujarat": {
        "sev": 30.533333333333335,
        "freq": 816
      },
      "Delhi Region": {
        "sev": 16.869565217391305,
        "freq": 644
      },
      "West Bengal / NE": {
        "sev": 30.055555555555557,
        "freq": 380
      },
      "Punjab / Himachal": {
        "sev": 0.0,
        "freq": 18
      }
    },
    "FL": {
      "freq": 333,
      "sev": 0.4
    },
    "HW": {
      "freq": 64,
      "sev": 0.15
    }
  },
  "Japan": {
    "EQ": {
      "Other": {
        "sev": 4.517905931177589,
        "freq": 11566
      },
      "Tokyo Region": {
        "sev": 4.457427536231884,
        "freq": 552
      },
      "Hokkaido": {
        "sev": 4.3428571428571425,
        "freq": 70
      },
      "Osaka Region": {
        "sev": 4.208333333333333,
        "freq": 48
      }
    },
    "TY": {
      "Other": {
        "sev": 53.398896673553104,
        "freq": 246129
      },
      "Tokyo Region": {
        "sev": 54.92890995260664,
        "freq": 338
      },
      "Osaka Region": {
        "sev": 46.61904761904762,
        "freq": 103
      },
      "Hokkaido": {
        "sev": 43.714285714285715,
        "freq": 98
      },
      "Delhi Region": {
        "sev": 15.0,
        "freq": 9
      }
    },
    "FL": {
      "freq": 63,
      "sev": 0.13
    },
    "HW": {
      "freq": 18,
      "sev": 0.04
    }
  }
}